	AT-7519	AZ6102	AZD1208	AZD1332	AZD3759	AZD5153	AZD5438	Axitinib	BMS-536924	Bosutinib	CAY10603	CCT007093	Cediranib	Crizotinib	Dacinostat	Dinaciclib	Embelin	GSK2578215A	GSK690693	IPA-3	KIN001-266	LY2109761	MIRA-1	MK-1775	MK-2206	MN-64	Masitinib	NPK76-II-72-1	NVP-BHG712	Obatoclax Mesylate	P22077	PFI-3	PI-103	PRT062607	QL-X-138	QL-XII-47	RO-3306	SB216763	SGC0946	SU11274	Savolitinib	Sepantronium bromide	UNC1215	VE-822	WHI-P97	WIKI4	WZ4003	Wee1 Inhibitor	BI-2536	Cyclopamine	Parthenolide	Cabozantinib	EPZ004777	I-BET-762	Serdemetan	ABT737	CUDC-101	EHT-1864	I-BRD9	IOX2	PD173074	SL0101	Sabutoclax	PHA-665752
0	RPS3A	RPL12	RPL11	SLC25A5	GAPDH	RPL18A	RPL35A	NDUFS5	EIF1	RPS8	ENO1	HSP90AB1	RPL7A	RPL41	ACTB	RPL27	HSP90AB1	RPL24	RPL7	CCT3	RPL7	CHCHD2	RPL27	RAB7A	RPS21	RPL27	ENO1	RPS14	HSP90AB1	CALR	RPS21	RPL19	RPL6	TMSB10	CHCHD2	HSP90AB1	RPS6	HSP90AA1	CALR	RPL18A	RPS3	EEF1B2	RPL11	RPS21	CALR	TUBB	EIF4B	RPL7	RPS25	RPSA	RPS11	RPL18A	TMSB10	RPL27	COX6A1	PKM	ACTB	RPS6	RPS27	RPL27	RPS16	RPL29	RPS2	RPLP2
1	RPLP2	HSP90AB1	HSP90AB1	RPS25	ACTB	RPS27A	RPL4	RPL19	RPSA	HSP90AA1	RPS18	RPL4	RPS3A	PRDX1	PRDX1	RPL32	RPS3A	RPS4X	RPS8	RPS8	NDUFS5	HSP90AB1	RPS20	RPL35	FTL	RPS3A	RPS3A	TUBB	RPL7	RPL7	FTL	PTMA	RPL39	RPL7	PRDX1	RPS25	CALR	RPL21	RPL12	RPLP0	RPL5	PRDX1	RPL12	FTL	RPS4X	RPS11	TMSB10	PKM	RPL29	RPL13A	RPS14	HNRNPK	RPS5	RPL11	EEF2	RPL27	RPS21	RPL27	RPL27	CALR	RPS11	RPS11	RPL8	RPL5
2	RPS2	RPL27	RPS27A	RPL7	TPT1	C1orf43	RPS16	RPS20	UBC	RPL27	RPL10A	RPS13	RPS27	RPS3A	RPL7	RPL29	RPL7	RPS12	RPL5	RPS11	RPS8	RPL24	EEF2	RPS4X	RPS13	RPS8	RPL12	RPS16	RPS8	RPS8	TMSB10	PABPC1	TUBB	HMGN2	RPS3A	RPL3	RPL4	RPL7	RPL24	RPS4X	RPS13	RPS16	RPL8	RPL39	RPLP1	RPL29	HSP90AB1	TPT1	RPL12	RPL7	FTL	RPS18	RPSA	RPL29	RPL24	RPL29	FTL	EEF2	RPS16	RPL4	RPS3A	RPL7	RPL4	RPS18
3	EEF2	ACTG1	RPL41	RPL5	RPS27	TOMM20	NPM1	TUBB	PKM	HMGN2	RPL5	RPS3	RPL29	RPS27A	FTL	HSP90AB1	COX6B1	RPS18	EEF1A1	RPL27	EEF1A1	RPS19	RPL29	RPS2	GAPDH	RPL7	RPS16	NPM1	RPS20	RPS2	RPS5	RPL41	RPLP2	RPL35A	RPL9	RPS4X	RPL11	RPLP0	HSP90AB1	PRDX1	RPL19	NPM1	FTH1	HMGN2	CHCHD2	RPS25	EEF1A1	RPL4	RPL24	RPL5	TMSB10	RPS4X	CALR	RPL4	NDUFS5	RPS20	TMSB10	RPL29	RPL29	RPS27	RPL7A	RPL7A	TPT1	RPS12
4	RPS20	RPL29	RPL19	PPIA	RPL35	RPL21	RPL35	ACTR2	HNRNPK	CALR	RPS12	RPL3	EEF1A1	RPL11	TMSB10	EEF1A1	RPS3	PRDX1	RPS20	RPL29	RPS13	TUBB	RPS18	EEF1A1	ACTB	EEF1A1	RPL36	EEF1B2	RPS6	PRDX1	RPSA	EEF1A1	RPS2	RPS6	EEF1A1	EEF1A1	RPL12	RPS4X	RPL29	TPT1	EEF1A1	RPS8	RPS21	RPL32	RPL11	RPS27A	UBC	RPL11	HNRNPU	RPS6	RPS6	RPL7	RPL9	EEF1A1	CHCHD2	RPL21	RPS27	EEF1A1	GAPDH	RPL7A	RPS3	RPL21	RPL13A	EEF1A1
5	RPL29	RPL35	RPS13	NDUFS5	RPL21	RPLP2	RPL21	EEF1A1	ACTR2	RPS5	EEF1A1	RPS25	NPM1	HSP90AB1	RPS6	RPLP1	RPS4X	TPT1	EEF2	RPS20	RPL36	RPS13	RPL13A	RPLP0	RPS27	TUBB	EEF1A1	NDUFS5	RPS27	RPLP1	RPS6	RPLP1	EEF2	RPS12	RPL3	RPL10A	RPL24	PRDX1	RPS8	PPIA	RPL41	RPL35	FTL	CALR	EEF1A1	RPL41	TUBA1B	RPS5	RPS19	RPS12	RPS12	ENO1	RPS6	RPL3	RPL13A	EEF1A1	RPL7A	CHCHD2	ACTB	RPS11	EEF1A1	EEF1A1	EEF1A1	RPS8
6	RPL27	RPL21	RPS3	HNRNPA1	RPS3A	RPS2	PSMB4	EEF2	RPL5	RPSA	PTMA	RPS19	RPL9	RPL29	RPS12	PABPC1	RPL35A	PKM	RPS2	EEF1A1	ENO1	RPS3	RPL8	RPS25	RPL7A	RPL36	YBX1	CHCHD2	RPL7A	PABPC1	RPS12	CANX	ACTR2	RPS18	RPS25	RPL27	RPS12	NPM1	RPS4X	RPL4	RPL35	NDUFS5	TMSB10	RPS6	RPL18A	HSP90AB1	RPL6	RPS2	PKM	RPS18	RPS18	HNRNPA1	RPL24	RPS25	RPS21	EEF2	RPS11	HSP90AA1	FTL	RPS27A	RPS27	RPL5	HMGN2	RPS11
7	RPL5	RPL24	EEF1A1	PFN1	NDUFS5	RPS20	ARF1	RPL41	PRDX1	PKM	RPL7	RPL36	RPL41	RPS14	RPS27	PTMA	RPL29	CALR	RPS27	HNRNPU	RPS11	NPM1	RPS27A	RPS20	RPS11	RPL13A	RPL7	RHOA	RPS5	PTMA	PKM	RPS25	RPL36	RPL9	RPS19	RPL29	PKM	EEF1B2	RPL3	RPL29	RPS11	RPL3	TPT1	NPM1	TUBB	RPL19	SNRPD2	HSP90AB1	TUBA1B	RPL8	RPL13A	TUBB4B	RPS16	RPS19	EIF1	NPM1	RPL7	HMGN2	TMSB10	RPL41	RPL21	RPS27	RPL35A	RPL27
8	RPL10A	HSP90AA1	RPS27	HSPA5	RPL4	RPL27	YWHAE	RPS2	RPL36	RPL5	RPS3A	ENO1	RPL19	RPLP0	RPL7A	RPL10A	HNRNPU	RPL4	ARF1	RPL12	RPS27A	RPS8	RPL41	RPS8	RPS2	RPL8	RPL9	RPS19	RPSA	RPL10A	RPL21	RPLP0	BSG	YBX1	RPL36	RPS8	RPS25	TUBB	RPS25	RPLP1	RPLP1	RPS25	RPL4	RPS3	TPT1	RPL7A	RPL23A	ENO1	RPSA	RPS16	RPL8	PPIA	NDUFS5	RPS27A	RPL35A	EEF1B2	RPS20	RPL18A	RPS6	RPL19	PRDX1	GAPDH	RPS5	RPS27A
9	ILF2	RPL8	RPL7A	RPL8	PTMA	HMGN2	YWHAZ	EEF1B2	RPLP0	RPL7	EEF2	RPL18A	RPS13	RPS4X	RPS11	RPS27	RPL18A	RPL36	YWHAQ	CHCHD2	RPL41	RPL12	GAPDH	PABPC1	EEF2	GAPDH	CALR	RPL36	EIF1	RPL9	RPS3A	RPS4X	RHOA	RPL29	HMGN2	RPLP0	RPLP0	RPS16	RPLP0	PABPC1	PABPC1	NONO	ACTB	RPL35	RPL4	RPS19	RPL12	RPS3	RPL32	NPM1	FTH1	HDGF	RPL35	RPL41	PTMA	NDUFS5	RPS8	RPS12	RPS12	RPS13	RPS4X	RPL27	RPSA	RPL41
10	RPS14	FTL	RPS11	RPS21	RPL10A	RPL35A	DAD1	RPS3A	RPS11	RPL21	RPLP2	EEF1A1	RPS3	RPL18A	RPS18	RPL7A	RPLP1	ENO1	ILF2	CALR	RPL10A	EEF1A1	ACTB	PTMA	HSP90AB1	RPS27	RPS19	ENO1	RPL13A	YBX1	TUBB	RPL27	RPLP0	RPL27	HSP90AA1	RPL5	RPS4X	RPL18A	RPL36	NPM1	PTMA	EIF4G2	RPL10A	RPL21	RPL27	RPL36	CHCHD2	RPLP0	RPL5	EEF1B2	RPL29	RAC1	RPL21	RPL19	RPL10A	HSP90AB1	RPL21	RPS18	RPL7A	RPS16	RPL35	RPS20	PFN1	RPL19
11	RPS25	CALR	PKM	EIF1	TUBB	YWHAQ	FKBP1A	HSP90AB1	RPS19	RPS3A	RPS2	RPS16	YBX1	NCL	RPL27	RPS11	PABPC1	RPL18A	RHOA	RPL9	RPL5	RPL3	RPL35	RPL10A	RPL29	RPL7A	DAD1	RPL18A	EEF1B2	RPL12	RPS2	COX6B1	RPS4X	RPS27	RPL11	RPL7	HSP90AB1	RPL24	ENO1	YBX1	RPL10A	RPS12	RPS27	RPL36	RPL10A	ENO1	PCBP1	RPS4X	RPL13A	ACTB	ENO1	ANP32B	TUBB	GAPDH	RPS4X	RPL3	DDX5	RPL35A	NDUFS5	NPM1	HSP90AB1	HSP90AB1	HSPA5	RPS13
12	RPS19	NPM1	RPL13A	FTL	RPS13	NDUFS5	CCT3	RPL29	RPS27A	RPL36	HSP90AB1	NPM1	RPL12	YWHAQ	RPL5	RPS27A	PTMA	ILF2	NCL	TUBA1B	RPS14	RPS25	RPL21	ANP32B	RPL27	RPS11	FKBP1A	HNRNPA2B1	NDUFS5	HSP90AB1	EEF2	SNRPB	PRDX1	RPL7A	GAPDH	TUBB	EEF2	RPL4	RPL18A	RPL12	EIF4H	RPS18	RPL7A	ENO1	RPL29	RPL18A	RPS16	RPL36	RPL8	RPS21	EEF2	PRDX1	PSMA7	ACTB	RPLP1	RPS25	HSPA5	RPL11	RPL3	EEF1B2	TPT1	RPS27A	RPS16	RPL7A
13	RPL36	RPL11	RPL8	YBX1	RPS3	RPL3	ANP32B	CALR	RPL41	ENO1	RPL36	EEF1B2	RPS20	TPT1	RPL21	EEF1B2	RHOA	HSP90AB1	HNRNPA2B1	TPT1	RPL21	RPS3A	RPS19	FKBP1A	TPT1	EEF2	CHCHD2	YWHAQ	YBX1	RPL19	RPS20	RPL30	ILF2	RPS11	ACTB	RPS3A	PRDX1	RPL10A	PCBP1	HSP90AB1	PTGES3	RPL39	RPS11	DAD1	CANX	RPL3	NPM1	RPS19	FTH1	FTL	RPS20	TPT1	PRDX1	RPL35	PABPC1	RPL19	PKM	RPL7	RPS25	NDUFS5	RPL27	RPL41	EEF2	ENO1
14	YWHAQ	RPS21	EIF1	RPL12	YWHAB	RPS25	PKM	RPL27	RPL19	CANX	RPS13	NDUFS5	RPL27	RPL4	RPS3A	NDUFS5	RPL30	RPL29	COX6B1	RPL4	RPS2	RPLP2	RPL36	ENO1	RPL35	RPS20	RPS8	CANX	RPL12	RPL29	RPS8	BSG	DAD1	RPLP0	TMSB10	RPLP2	TPT1	PFN1	HSPA9	CHCHD2	MORF4L2	RPL35A	RPS12	YWHAQ	RPL30	RPLP1	EEF1B2	PRDX1	GAPDH	RPS27	RPL4	RPLP2	TPT1	RPL21	RPL11	RPL41	RPLP1	RPL13A	RPL36	RPL35	RPS6	EEF2	RPS20	RPL18A
15	CNBP	ACTB	RPL7	EIF3I	RPL24	RPS19	RPS5	RPS27A	RPL29	YWHAE	HMGN2	RPL35	RPL5	SRP9	ACTR2	RPL35	PSMA7	RPL27	PSMB4	RPL3	EEF2	PRDX1	NPM1	EIF4H	HNRNPK	HSPA5	RPS27A	SNRPB	RPL3	RPL27	CNBP	RHOA	YWHAQ	RPL24	RPS6	PABPC1	PABPC1	RPL6	SET	CALR	RPS2	ACTB	RPS18	CNBP	RHOA	EEF1A1	NDUFS5	RPLP1	ACTB	RPL7A	RPS8	RPS2	RPL4	TUBB	YWHAE	RPS27A	RPS12	RPL8	RAB7A	RPL21	RPS13	RPL19	RPL36	RPS27
16	RHOA	RPS25	GAPDH	NPM1	RPLP0	RPS4X	HSPA5	RPL5	RPL27	NCL	YWHAZ	XRCC6	RPL7	ILF2	RPS20	RPL21	DAD1	PSMB4	DAD1	PSMB4	RPS20	TPT1	RPLP0	GANAB	RPL12	EIF1	RPL41	SRP9	RPS25	RPL5	NCL	SRP9	CNBP	RPL11	RPL4	RAB7A	PTMA	CANX	EIF3I	RPL9	HSP90AB1	RPS21	PTMA	RAC1	ALDOA	RPS13	RPL3	RPS8	RPS21	EIF1	RPL35	RPS20	RPL11	RPS2	XRCC6	RPL35	RPS18	PCBP1	RPL39	RPS2	RPS18	RPS2	ENO1	RPS16
17	NCL	RPLP0	ACTB	RPS20	RPS4X	YWHAE	RPS4X	GAPDH	RPS4X	HNRNPA2B1	DAD1	FAU	TUBB	YWHAE	HSP90AB1	TUBB	ARF1	FAU	FAU	EEF2	HSP90AB1	RPL4	RPS4X	XRCC6	CALR	RPL35A	RPL19	BSG	HDGF	RPS13	HNRNPA2B1	PSMA7	PSMA7	RPS8	RPS12	RPS14	RPL10A	RPS2	GANAB	MORF4L2	RPL29	FTL	NONO	FAU	C1orf43	RPS2	RPS2	RPS13	FTL	TMSB10	RPL21	RPS16	CNBP	EEF2	PRDX1	RPS2	YBX1	HSPA9	RPL19	TUBB	RPL29	RPS13	RPL18A	RPS20
18	HNRNPA2B1	RPL36	RPS21	SRSF1	PRDX1	FAU	FTL	ACTB	RPLP1	YWHAQ	FKBP1A	ILF2	RPS8	FAU	RPL29	RPS2	PSMB4	ARF1	CNBP	FAU	RPSA	RPL11	PRDX1	RPSA	RPL9	RPL12	RPLP1	PSMA7	RAC1	RPS3	EEF1B2	ATF4	COX6B1	RPL35	RPS18	HNRNPK	ACTB	EEF2	EIF4H	PCBP1	EIF4B	TMSB10	EIF4G2	XRCC6	COX6B1	TMSB10	EEF2	RPL35	TMSB10	CNBP	RAD21	RPS8	SRP9	RPS20	TPT1	RPL12	RPL12	RPS3A	RPS13	RPS8	RPL13A	RPL35	RPLP1	NDUFS5
19	FAU	ENO1	FTL	RPS27A	CNBP	CCT3	TMSB10	RPS27	PABPC1	EIF1	PSMB4	YWHAE	PRDX5	PPIA	EIF1	EEF2	BSG	YWHAE	ATF4	YWHAE	EIF1	RPS14	PKM	HSPA5	YBX1	PFN1	PABPC1	RPL10	RPLP1	RPS27	RPL3	CNBP	ATF4	RPL21	MORF4L2	RPL19	RPS27	RPS20	MORF4L2	XRCC6	GANAB	RPS6	HSP90AB1	ILF2	RAB7A	RPS6	RPS25	EEF1B2	RPS6	CCT6A	RPLP2	HSP90AB1	BSG	ACTR2	RPL4	RPL24	RPL24	SET	RPS18	HSPA5	RPL8	TUBB	PABPC1	ACTB
20	ARF1	RPL18A	TMSB10	RPL41	RHOA	TUBA1B	UBC	RPL7A	NPM1	PPIA	SRSF1	PSMB4	RPS28	SLC25A5	UBC	RPS20	CNBP	YWHAZ	YWHAZ	XRCC6	RPL8	YBX1	RPL3	EIF1	RPL4	CHCHD2	RPS2	RPL6	HNRNPU	RPL7A	RPS25	COX8A	ARF1	NONO	PCBP1	RPL41	RPL7A	EEF1A1	PTGES3	ANP32B	EIF3I	PFN1	RPL29	PSMB4	EIF4H	RPS12	RPLP0	PTGES3	RPS12	NCL	RPS2	RPL29	RHOA	CALR	RPS3A	RPL5	RPL8	DDX5	RPL21	HMGN2	RPS21	RPL8	PTMA	RPL35
21	YWHAE	PABPC1	RPS6	RPL19	ILF2	RPL6	RPL10	RPS11	EEF1B2	PRDX1	XRCC6	BSG	RPL30	RPL10	PKM	RPS8	RPLP0	DAD1	XRCC6	RPL24	FTH1	EEF1B2	RPS25	UBC	RPL11	HSP90AA1	EEF2	CALR	YWHAZ	NCL	FKBP1A	ALDOA	PSMB4	COX6A1	EEF2	RPL24	RPS11	RPS8	EIF1	CCT3	PCBP1	HSPA5	RPS8	ARF1	GANAB	RPL35	RPS4X	PCBP1	RPS18	FTH1	HNRNPAB	RPL27	COX6B1	RPL9	EEF1A1	RPL7	FTH1	PTGES3	RPL13A	RPL9	XRCC6	RPS16	TUBB	RPL21
22	YWHAZ	HSPA5	PABPC1	GAPDH	NCL	RPL39	TUBA1B	ENO1	RPL3	TPT1	EIF3I	CNBP	COX8A	EIF1	PFN1	CHCHD2	CCT4	YWHAQ	RAC1	RPS18	RPS21	NDUFS5	RPL19	TUBB4B	RPL24	HMGN2	RPS20	TPT1	DAD1	COX6B1	ARF1	SRSF1	YWHAE	HNRNPAB	RPS20	RPS27A	RPS18	CNBP	RPL35A	ARF1	HSPA9	HSP90AA1	HNRNPAB	YWHAE	PFDN2	RPS18	PRDX1	HSPA9	PSAP	GAPDH	EIF1	RPL7A	ILF2	YBX1	RAC1	TUBB	GAPDH	PPIA	RPS21	YBX1	ANP32B	PKM	CCT4	GAPDH
23	DAD1	TUBB	PTMA	ACTB	HNRNPA2B1	TUBB4B	RPSA	RPS12	RPS25	RPL4	RPL6	ANP32B	RPS2	HSPA5	RPSA	HSP90AA1	RPL39	CNBP	CCT3	HMGN2	FTL	RPLP0	RPS13	PKM	TMSB10	RPL32	RPL27	PFN1	HNRNPA1	SRP9	HDGF	RPL35A	FAU	EIF4G2	RPL27	PRDX1	RPL13A	NCL	PKM	SRSF1	SET	HMGN2	DDX5	SRP9	SET	RPS4X	TPT1	SET	HMGN2	PSMA7	PKM	RPS27	YWHAQ	RPL12	CCT3	RPL13A	RPS5	HNRNPU	RPS5	RPL12	CCT3	ACTB	RPS14	RPL24
24	FKBP1A	PKM	RPL10A	TUBB	CANX	PKM	RPS12	RPS18	ARF1	SLC25A5	RPL39	FKBP1A	EEF2	TUBA1B	YBX1	HMGN2	HMGN2	NCL	YWHAE	RPL35A	TMSB10	RPL36	RPS3	RPL24	RPS6	ACTB	RPL5	EIF1	TUBB4B	COX8A	ANP32B	PKM	XRCC6	RPL32	RPL5	RPS19	RPL35	PPIA	PFN1	HDGF	SLC25A5	EIF1	COX6A1	PSMA7	PTGES3	PRDX1	RPL4	EIF4H	PFN1	SRP9	PFN1	RPL35	NCL	CHCHD2	RPS5	RPL8	RPSA	CALR	RPSA	RPS21	ACTB	RPS21	RPS4X	RPL32
25	PSMB4	PFN1	CALR	RPS3A	TOMM20	HNRNPK	RPS18	HNRNPA2B1	YWHAE	HNRNPK	UBC	ARF1	SNRPB	CALR	RPL12	RPL9	UBC	HNRNPA2B1	HMGN2	RPS25	RPS6	ENO1	TMSB10	TMSB10	ACTR2	RPS21	RPS27	PPIA	UBC	RHOA	ILF2	PFN1	RAC1	CALR	PTGES3	RPL36	RPS3A	UBC	HSPA5	RPS19	RPL10	PKM	EEF2	ATF4	SRSF1	TPT1	RPL11	GANAB	CHCHD2	BSG	HSPA5	RPL21	HNRNPA2B1	RPL6	RPSA	RPS13	PFN1	UBC	RPL35A	FTL	TMSB10	FTL	RPLP0	PRDX1
26	SRSF1	EIF1	RPS3A	RPL10A	ACTR2	EEF2	RPL12	COX6B1	ANP32B	RPL35A	PPIA	DAD1	RHOA	RPL35A	RPL3	YBX1	RPL9	SRP9	CALR	RPS19	RPS5	RPS27A	RPS6	RPS6	RAB7A	FTL	RPL7A	RPL4	TOMM20	RPS27A	YWHAE	HSPA5	HNRNPK	RPL10	HSPA9	ENO1	RPS2	SNRPD2	RPL9	RPL36	CHCHD2	ENO1	RPS20	FKBP1A	CCT4	RPL13A	TUBB	CALR	HSP90AA1	PFDN2	YBX1	FTH1	CANX	RPL39	RPL39	C1orf43	CHCHD2	RPL12	CALR	TMSB10	YWHAZ	PABPC1	SRSF1	RPL7
27	RPL39	TMSB10	RPL3	PSMA7	EIF1	RPS16	GAPDH	RPS13	ILF2	RPS18	SLC25A5	CCT3	HNRNPAB	RPL12	RPS25	RPL12	YBX1	TUBA1B	HNRNPU	ACTB	RPS27	RPL41	RPS12	RPS12	C1orf43	TMSB10	HNRNPK	SLC25A5	RPL11	RPL41	UBC	EIF1	HSP90AA1	RPL39	SET	RPL18A	EIF4B	RPSA	YBX1	RPS5	PFN1	RPL18A	YBX1	RPS17	SLC25A5	RPL8	RPL24	PPIA	RPL36	CCT8	RPL12	TUBB	SNRPB	RPL13A	TPI1	RPS3	HSP90AA1	RPLP1	RPL11	RPS6	HDGF	TMSB10	ANP32B	RPL36
28	UBC	RPS5	RPS25	RPS2	SNRPD2	PFN1	ACTB	PTGES3	YWHAQ	RPL13A	RPL10	YWHAZ	COX6A1	RPS25	HSP90AA1	RPS21	RPS14	RPL39	RPL9	RPS21	RPL7A	RPL19	RPL11	CALR	TUBB4B	RPS6	RPLP2	RAB7A	RPL19	HNRNPA2B1	TPI1	ILF2	HMGN2	TUBA1B	EIF4B	RPS16	HDGF	RPS5	RPS5	RPSA	RPSA	RPLP1	CHCHD2	PPIA	TPI1	RPS3	RPL29	SLC25A5	YWHAQ	TOMM20	CHCHD2	CHCHD2	FAU	RPL8	RPS24	RPS27	ENO1	RPS25	RPL24	RPS12	DAD1	RPS6	SLC25A5	EIF4H
29	PKM	RPSA	RPS2	RPS11	RPL23A	YBX1	RPS21	SRSF1	NCL	EEF2	TUBA1B	RAC1	RPL23A	RPS19	HMGN2	FTL	CALR	UBC	YBX1	FTL	RPS12	GAPDH	RPS5	RPL9	UBC	RPS12	CANX	ACTR2	GAPDH	BSG	RPS24	YWHAZ	RPL35A	RPL6	PPIA	PTMA	XRCC6	EIF1	RPSA	PFN1	HSPA5	PABPC1	HSP90AA1	RPL10	EIF1	RPS27	RPL27	RPL10	SRP9	C1orf43	HSP90AA1	RPL35A	YWHAE	RPS21	RPS17	CNBP	RPL18A	RPS19	RPLP0	RPS18	FKBP1A	RPS12	TUBB4B	RPS3A
30	CHCHD2	HNRNPU	EEF2	HSP90AB1	PKM	RPL12	HDGF	YWHAQ	HNRNPA2B1	RPL19	YBX1	UBC	HNRNPU	RPL36	CALR	TMSB10	TUBA1B	RPL6	TUBA1B	TMSB10	RPS18	ACTB	HSPA5	YBX1	RPS8	RPS18	COX6B1	NCL	ACTB	SNRPB	HNRNPA1	YWHAQ	RPS5	RPS5	SLC25A5	FAU	RAC1	NONO	HNRNPU	EIF1	HSP90AA1	RPLP0	HMGN2	HNRNPU	MORF4L2	PABPC1	RPL5	SRSF1	BSG	RPL12	PSAP	GAPDH	RPL10	FTL	UBC	XRCC6	HMGN2	RPL36	RPS4X	RPL35A	PFN1	RPS18	TPI1	HSP90AB1
31	HSP90AA1	SRSF1	RPS20	RPL29	RPLP1	CHCHD2	XRCC6	NCL	CNBP	RPL11	RPL12	SLC25A5	PTGES3	ENO1	RPL35A	RPS6	RPL6	RPL35A	RPL6	RPS6	RPL13A	RPS20	RPS21	RPL12	RPS3	RPL39	ATF4	FAU	RPL39	YWHAQ	YWHAB	NCL	SNRPD2	RPSA	RPL10	CNBP	HSPA9	DDX5	XRCC6	GANAB	HMGN2	RPS4X	UBC	EIF1	PCBP1	RPS21	RPL7	PFN1	ILF2	RPL6	RPL32	ACTB	TUBA1B	TMSB10	RPL9	SRP9	RPL35A	PFN1	EIF1	RPL13A	PKM	RPL13A	TUBA1B	RPL29
32	NDUFS5	YWHAB	RPL29	RPL27	UBC	HSP90AA1	RAC1	COX6A1	FAU	PFN1	PFN1	RPL10	EIF3I	PKM	RPL9	RPS12	HSP90AA1	PPIA	CHCHD2	RPS12	RPL19	EEF2	FTL	PFN1	RPL21	CALR	FAU	ARF1	FTH1	YWHAE	SRSF1	HNRNPA2B1	RPL8	UBC	TUBA1B	ILF2	RPS20	RPS27	RPS19	SLC25A5	RPS5	RAB7A	RPL6	RPL35A	HSPA9	FTL	RPS18	RPS25	RHOA	TUBB4B	CALR	CALR	RPL6	RPS6	YBX1	PSMA7	RPL9	RPL24	PRDX1	RPL8	RPL10	PSMB4	RPL6	GANAB
33	RPL3	TUFM	RPL27	HNRNPA2B1	RPS5	RPL10	FAU	TUBA1B	RAB7A	HSPA5	RPL24	TUBA1B	MORF4L2	HMGN2	SLC25A5	RPS18	SNRPD2	SLC25A5	HSP90AA1	RPS3A	GAPDH	RPS2	EIF1	TUBA1B	RPS18	RPL6	YWHAE	YWHAE	RPS21	HNRNPK	HNRNPU	DAD1	FTH1	PFN1	HNRNPU	YWHAE	RPS8	RPL11	HSP90AA1	TUBA1B	EIF1	COX6A1	RPL39	RPL12	BTF3	RHOA	ALDOA	PABPC1	FAU	SLC25A5	NONO	RPL11	RPL39	RPS27	RPL12	YWHAE	EIF1	ENO1	TPT1	FTH1	RPL11	NCL	UBC	MORF4L2
34	EEF1A1	RPS13	RPS4X	COX6B1	TPI1	RPL32	HNRNPA2B1	RPS5	PPIA	TMSB10	RPL35A	RPS5	TPT1	RPL32	EEF1B2	CALR	RPL23A	RPL10	RPLP1	NDUFS5	ACTB	RPL7A	RPL35A	HNRNPK	RPL13A	RPSA	GANAB	YWHAZ	FTL	HNRNPAB	PPIA	FKBP1A	RPS21	HSPA5	RPL24	YWHAZ	RPL21	RPL27	HMGN2	RPL6	COX6A1	HNRNPAB	RPS5	CHCHD2	RPL10	SRP9	RPL30	HMGN2	ARF1	RPL10	EIF4G2	RPL13A	UBC	RPL7A	PKM	RPL35A	PPIA	PKM	RPL4	GAPDH	SLC25A5	HNRNPA2B1	PPIA	PCBP1
35	HSP90AB1	RPS3	FAU	SRP9	SLC25A5	CALR	COX6B1	RPL18	TUBA1B	RPS6	RPS5	RPSA	PKM	CNBP	NDUFS5	RPLP2	RPL12	PFN1	UBC	RPL13A	RPL39	RPS11	HNRNPA1	RPS16	RPL8	UBC	MORF4L2	ANP32B	TMSB10	TUBA1B	RPL11	ARF1	FTL	HSP90AA1	EIF1	NCL	TUBB	RPL35	PRDX1	HSPA5	HDGF	SNRPD2	RPSA	PKM	HSPA5	BSG	PSMA7	RPSA	YWHAE	TPI1	GNAS	RPL8	SRSF1	RPS12	TUBA1B	HNRNPAB	SLC25A5	TUBA1B	UBC	ACTB	TUBA1B	C1orf43	RPL10	HSPA9
36	RPS5	RPLP1	ILF2	BSG	RPL10	RPL9	PFDN2	RPS17	RPL6	RPS12	RPL9	RPL39	UBC	RHOA	RPL35	RPL13A	CHCHD2	CHCHD2	RPS5	RPL8	SLC25A5	PPIB	PPIA	RPL5	RPS5	RPLP1	PCBP1	CNBP	RPL24	RPS5	YBX1	PSMB4	TMSB10	RPL36	UBC	HNRNPA2B1	PPIA	RPL5	TPT1	HSP90AA1	XRCC6	RPL23A	HSPA5	SNRPD2	PKM	PSMA7	DDX5	RPS6	PSMB4	RPS24	COX6A1	ILF2	PPIA	RPS18	SNRPD2	EIF1	RPL10	RPL6	RPL6	RPL39	RPL6	TOMM20	HSP90B1	SET
37	RPSA	RPS8	YWHAE	NCL	TUBA1B	RPL24	ILF2	HSPD1	SLC25A5	RPS21	PRDX5	RPL18	TUBA1B	PSMB4	TUBB	RPL8	TMSB10	HSP90AA1	RPSA	FTH1	RPL11	RPL29	SLC25A5	CHCHD2	RPSA	PABPC1	ARF1	RPL30	CALR	RPS17	RPL24	HDGF	TUBA1B	ENO1	RPS16	ANP32B	SLC25A5	RPS12	RPL4	HMGN2	ANP32B	HNRNPA1	EIF1	RPL23A	PFN1	HNRNPK	PTGES3	RPS12	HNRNPA2B1	RPS17	RAB7A	RPS21	SLC25A5	RPLP2	RPL6	CHCHD2	SNRPD2	EIF4B	TPI1	UBC	RPS5	ACTR2	RPL9	EIF4B
38	HSPA5	PTMA	PSMB4	ANP32B	RPL6	ACTR2	YWHAQ	RPSA	RPL18A	ACTR2	RPL23A	HNRNPU	RPL6	CCT4	RPL11	GAPDH	RPS6	ANP32B	RPL39	RPS3	RPL24	RPL27	PFN1	HSP90AA1	RPS24	RPS14	EIF3I	COX8A	ANP32B	HSPD1	DAD1	FAU	RPL12	CHCHD2	NPM1	SNRPD2	RPL10	RPS18	EIF4B	RPL39	ARF1	UBC	PKM	HSP90AA1	SRP9	PTGES3	YWHAZ	HSPA5	CNBP	HSPD1	HNRNPK	FTL	PKM	RPS5	HSP90AA1	FAU	RPL23A	HDGF	RPS24	RPS5	RPSA	RHOA	YBX1	HDGF
39	HMGN2	RPL10A	DAD1	RPL18	CHCHD2	SRSF1	GANAB	RPL23A	RPS13	HNRNPAB	TUBB	CHCHD2	TPI1	BSG	CHCHD2	ACTB	RPS12	FKBP1A	ANP32B	RPS27	CALR	RPL5	CHCHD2	HMGN2	EIF1	RPLP0	RPL39	ALDOA	FKBP1A	NONO	PSMB4	YWHAE	CHCHD2	RPL18A	PKM	PPIA	EIF3I	HSPA5	HNRNPAB	RPL35A	RAC1	RPL10A	RPL35A	CCT3	BSG	TUBA1B	EIF3I	RPL35A	CCT6A	HNRNPK	CCT7	TMSB10	PFN1	RPSA	HMGN2	ILF2	RPL39	XRCC6	HNRNPA1	RPL6	CHCHD2	RPS5	RPL12	RPL10
40	RPL35A	EEF1B2	HNRNPU	RPS17	RPSA	PGAM1	PCBP1	TUBB4B	RPS3	COX6A1	CHCHD2	EIF1	SLC25A5	SRSF1	GAPDH	RPSA	EIF1	CCT3	FKBP1A	RPL7A	UBC	RPL7	HSP90AA1	RPL23A	PKM	RPS4X	SNRPD2	COX6B1	CCT3	EIF4G2	FAU	PGAM1	RPL23A	RPLP1	PFN1	TOMM20	PFDN2	EIF4G2	ANP32B	SNRPD2	PSMB4	PPIA	PFN1	YWHAZ	ILF2	RPL10	DAD1	MORF4L2	NCL	RAN	RPS19	RPS6	HSPA5	HNRNPA1	CALR	PSMB4	TPT1	RAC1	HMGN2	RPLP0	CALR	RPL6	CHCHD2	RPL18
41	RPL9	NDUFS5	SNRPD2	HSPD1	RPL18A	PPIA	HSPA9	HSPA5	TUBB	RPL39	C1orf43	CALR	RPLP0	CANX	RPS21	PKM	RPL11	HDGF	RPL30	RPL35	TOMM20	CCT7	RPL6	TOMM20	PFN1	EEF1B2	SRSF1	ATF4	XRCC6	EIF4B	XRCC6	ANP32B	RPS27	PABPC1	RPSA	EIF1	HNRNPU	RPL7A	CCT3	RPL10	FAU	TUBA1B	HNRNPU	BSG	TOMM20	EIF4B	FKBP1A	NPM1	CANX	XRCC6	TUBB	PCBP1	HMGN2	PKM	PPIA	COX6B1	RPL3	PFDN2	PKM	PRDX1	RAC1	HNRNPA1	YWHAZ	RPL23A
42	CCT4	RAB7A	HMGN2	BTF3	CSDE1	SLC25A5	EIF3I	RPS4X	RPS5	UBC	HSPA5	HDGF	RPS4X	YWHAZ	RPL10	RPS5	PFN1	XRCC6	HDGF	GAPDH	HMGN2	HNRNPK	RPL39	ACTR2	HSPA5	NDUFS5	RPS21	ILF2	EIF4H	TPT1	CCT3	XRCC6	RPS6	PTMA	YBX1	RPL35A	RPS5	YWHAE	RAC1	RPL21	DAD1	RPS27A	HNRNPA1	RHOA	CNBP	PCBP1	EIF1	RPL9	YWHAZ	FAU	RPS16	YWHAQ	RPS21	RPL23A	RPL23A	SNRPB	RPS27A	MORF4L2	SLC25A5	RPL24	EIF3I	UBC	FKBP1A	CHCHD2
43	TOMM20	C1orf43	RPL35A	MORF4L2	RPL18	CCT7	PPIA	RPL35A	PFN1	TUBA1B	EIF1	MORF4L2	CALR	ANP32B	HSPA5	HSPA5	HSPA5	RAC1	PSMA7	DDX5	RPL35A	CANX	HMGN2	GAPDH	COX6A1	RPL3	FTL	XRCC6	PSMB4	RPL4	RAC1	RAC1	RPS12	RAB7A	RPL12	YWHAQ	RPSA	COX6A1	UBC	RPL13A	FKBP1A	RPL41	PPIA	HDGF	NCL	HSPA9	PKM	YBX1	DAD1	RAC1	NPM1	CNBP	FTL	HSP90AA1	HNRNPA1	NCL	RPL41	EIF4H	RPS2	RPL18A	PSMB4	HSPA5	CCT3	HSP90AA1
44	PFN1	TOMM20	PFN1	RPL39	RPL39	RPL23A	SLC25A5	HNRNPA1	HSPA5	TPI1	RPL29	EIF3I	RPL4	FKBP1A	RPL39	EIF1	ACTR2	MORF4L2	SRP9	EIF3I	RPL9	ATF4	UBC	RPS21	HNRNPAB	RPS25	TMSB10	DDX5	FAU	DDX5	SET	CCT3	RPS18	DDX5	RPS5	CANX	HSPA5	HNRNPU	SLC25A5	RPL8	CCT3	RPL19	RPL21	ANP32B	YWHAQ	RPL6	EIF4H	RPL12	ANP32B	DAD1	UBC	RAB7A	RPL35A	HMGN2	RPS27A	HNRNPA2B1	RPL19	NDUFS5	RPS3	RPLP1	YWHAQ	HSP90AA1	XRCC6	PSAP
45	PPIA	RPS4X	RPS5	PCBP1	TUBB4B	HNRNPA1	RPL6	RPL39	RPL10	RPL23A	HNRNPA1	GANAB	RPL11	HNRNPA2B1	PPIA	RPL35A	PKM	PCBP1	PCBP1	EIF4H	TUBB	RAC1	RPL10	FTL	RPL3	RPS19	RPS6	TUBA1B	ARF1	RPL23A	CANX	RPS28	RPSA	HNRNPU	DDX5	ATF4	EIF1	RPS28	RPL10	RPS21	YWHAB	RPS20	RPL18A	CANX	SNRPB	HNRNPU	GANAB	CHCHD2	CCT3	FKBP1A	RPL9	ACTR2	HNRNPU	RPL35A	RPL19	CANX	RPS13	RPL3	PTMA	PABPC1	YWHAE	HMGN2	NDUFS5	HMGN2
46	SLC25A5	PRDX1	RPSA	HSPA9	PPIA	SNRPD2	RPL39	PFN1	SNRPD2	BTF3	RPL18	PSMA7	PRDX1	ARF1	TUBA1B	PFN1	SRSF1	EIF3I	HSPA9	DAD1	CHCHD2	ILF2	HNRNPAB	ACTB	RPS25	PTMA	SLC25A5	TPI1	YWHAE	RPL11	YWHAQ	HNRNPK	UBC	RPS27A	XRCC6	SRSF1	PFN1	HSPA9	TUBA1B	FTL	UBC	RPL13A	RPL5	PFDN2	YWHAZ	UBC	MORF4L2	HSP90AA1	YWHAG	KPNA2	RPL24	SLC25A5	TPI1	HNRNPK	RPS13	YWHAZ	RPS3	RPS2	RPL10A	PTMA	ARF1	RPSA	RPL3	CALR
47	RPL10	TPT1	RPL39	SET	COX6A1	RPS5	SNRPD2	BSG	RPL23A	RPL18	HNRNPK	RHOA	ANP32B	HNRNPU	RPS5	PRDX1	C1orf43	EIF4H	EIF3I	ARF1	RPS19	PTGES3	NONO	RPL35A	TUBB	RPL10A	RPL10	RPS24	EIF3I	RPSA	SNRPB	RAB7A	PKM	RPL41	RAC1	SRP9	SET	SET	TPI1	PKM	RPL6	RPL8	RPL7	EIF4H	ATF4	RPS5	RAC1	NDUFS5	SRSF1	CCT3	CCT8	RPL23A	RPS24	TOMM20	RPS3	TUFM	RPS6	RPS20	CHCHD2	RPL10A	CNBP	FKBP1A	RPS25	PKM
48	TPI1	PPIA	HSPA5	PRDX1	HNRNPAB	RPSA	PABPC1	ILF2	RPL39	RPS24	RAB7A	SRP9	HNRNPK	PTGES3	RPL24	TPT1	RAC1	GANAB	MORF4L2	CNBP	CCT4	FAU	YBX1	RPL21	CHCHD2	RPS5	RPL6	RPL23A	PFDN2	HNRNPA1	RPL12	CCT7	C1orf43	RPL19	RPL19	PSMA7	HMGN2	EIF4B	RPS6	TPI1	TUBA1B	GAPDH	RPS3A	RPS12	DDX5	RPSA	TUBB4B	RPL3	EIF1	YWHAE	PPIA	TUBA1B	RPLP0	RAB7A	RPL3	DAD1	TUBA1B	RPS8	RPS19	TPT1	NCL	ILF2	NPM1	SNRPD2
49	HNRNPA1	TUBA1B	HNRNPA1	TPT1	BTF3	HSPA5	PTMA	RHOA	CHCHD2	RPL10	ACTR2	SET	CCT3	TUBB4B	HNRNPK	RPL4	FAU	SNRPD2	SRSF1	ANP32B	C1orf43	ARF1	RPL12	TUBB	HSP90AA1	C1orf43	CCT4	RPL35A	YWHAQ	RPL39	CHCHD2	ACTR2	RPS17	TUBB	RPS13	RHOA	RPS27A	HNRNPAB	RPS16	RPL23A	RPL39	RPL6	TUBB	RPS18	COX8A	RAB7A	RPS5	FKBP1A	RPS5	RPS23	RPL6	RPL10	RPS4X	RPL10A	RPLP0	FKBP1A	RPL6	RPL35	RPL10	EIF1	HNRNPA2B1	COX6B1	RPS8	RPSA
50	PSMA7	RPL6	NCL	UBC	RAB7A	RPS21	RPL10A	HNRNPU	HMGN2	RPL6	PKM	EIF4H	DDX5	RPL6	RPL36	RPL11	CCT3	TPI1	SNRPD2	FKBP1A	EEF1B2	FKBP1A	RPL24	SNRPD2	HMGN2	SRSF1	PSMA7	HNRNPK	CNBP	EIF3I	EIF1	C1orf43	RAB7A	RPS16	RPS3	FKBP1A	RPL41	RPL18	PTMA	RPS24	YWHAZ	DDX5	RPS2	YBX1	RPL23A	TOMM20	RPSA	PFDN2	HSPA5	PKM	TUBB4B	PFN1	ENO1	PFN1	ACTB	ANP32B	CALR	RPL21	PFN1	PKM	TPI1	PSMA7	EIF1	RPS15
51	COX6B1	RPS16	HNRNPA2B1	RPL10	NONO	FTL	PFN1	SRP9	RPL35A	C1orf43	TPI1	PCBP1	NONO	SNRPD2	ENO1	RPS14	YWHAQ	SRSF1	RPL23A	SRP9	YBX1	EIF4B	RPLP1	RPS5	RPL35A	CCT7	NCL	TOMM20	NCL	RAB7A	RPL35A	UBC	TOMM20	NPM1	RPL35	ARF1	RPL19	RPL10	RPL10A	HNRNPA1	DDX5	PTGES3	SLC25A5	TUBA1B	RPS24	ACTR2	HNRNPU	EIF3I	CCT4	CSDE1	SLC25A5	HSPA5	RPL18A	HSPA5	HSPD1	PFDN2	UBC	GANAB	HSPA5	PFN1	RPL39	DAD1	RPS19	HNRNPA1
52	ATF4	RPL10	ACTR2	TUBA1B	EIF4G2	TMSB10	CHCHD2	PSMA7	RPL9	TOMM20	RPS24	HSPA9	EIF4G2	TPI1	RPL18A	RPLP0	SNRPB	HNRNPU	CCT4	BSG	RPL12	YWHAZ	PABPC1	HDGF	DDX5	TOMM20	HNRNPA2B1	RPL39	HNRNPA2B1	EIF4H	SLC25A5	TUBA1B	HSPD1	EEF1B2	RPL21	PSMB4	RPS13	RPL39	EEF1B2	UBC	EIF4G2	PFDN2	RPL10	RPL6	HNRNPA1	CANX	RPL18	CCT3	PPIA	RPL18	RPL10	RPL39	RPLP1	EIF1	HDGF	PRDX5	NONO	EIF3I	HSP90AA1	SRSF1	TUBB4B	FAU	ILF2	PFDN2
53	ANP32B	ACTR2	ARF1	RPL6	FAU	RPL35	HSP90AA1	CANX	C1orf43	DDX5	ANP32B	HNRNPA1	HSPD1	RPS24	TPT1	RPS4X	RPS16	YWHAB	PKM	RHOA	RPL3	EIF4H	PTMA	RAC1	TOMM20	ACTR2	EIF4B	UBC	C1orf43	GANAB	RPL10	TPI1	RPS23	EIF1	RPLP2	HDGF	RPS3	PTGES3	NDUFS5	RPL18	HNRNPK	ACTR2	PTGES3	RPL13A	SNRPD2	SNRPB	RPL39	EIF4B	SLC25A5	RPS5	TUBA1B	RPS17	PABPC1	NPM1	EIF3I	ALDOA	EIF4G2	TUBB4B	NONO	C1orf43	PPIA	RAC1	YWHAE	EIF3I
54	CCT3	RPL41	TOMM20	RPL35	ARF1	RPS13	EIF1	DDX5	DDX5	CNBP	RAC1	SRSF1	PCBP1	RAB7A	RPLP1	SRSF1	NPM1	EIF1	EIF4B	PCBP1	RPS25	GANAB	CALR	EIF4B	RPL18A	HNRNPK	PTGES3	BTF3	CCT4	COX6A1	GAPDH	RPS24	PPIA	PKM	RPS2	DAD1	RPL35A	PCBP1	CHCHD2	RPS17	HNRNPAB	TOMM20	EIF4B	RPL8	TUBB4B	NONO	ANP32B	XRCC6	SNRPD2	RPL23A	RPS5	HSPD1	PTMA	RPS13	GANAB	BSG	COX6A1	RPL18	EIF4G2	SNRPB	HNRNPA1	ARF1	PDIA3	HNRNPA3
55	SRP9	GAPDH	FKBP1A	RPL13A	SRP9	RPS3	RPS6	EIF3I	COX6A1	FAU	RPS3	PKM	HNRNPA1	HNRNPA1	PABPC1	CCT4	EEF1B2	BSG	PFDN2	SNRPD2	HSP90AA1	PCBP1	HNRNPK	YWHAB	RPLP1	CCT4	ILF2	PFDN2	PKM	RPS23	BTF3	TOMM20	SLC25A5	SNRPD2	EIF3I	RAC1	EIF4H	SLC25A5	PPIA	RPS3	YWHAQ	HSP90AB1	HSPA9	COX6B1	PPIA	TUBB4B	CCT3	RAC1	ALDOA	HNRNPA3	RPSA	RPS23	EIF1	RPS3	FKBP1A	YWHAB	PABPC1	RPS24	HNRNPK	RPL30	TOMM20	YWHAE	HDGF	SRSF1
56	BSG	RPS27	C1orf43	RPL36	RPL3	TUBB	BSG	PFDN2	HNRNPAB	SRP9	RPL35	CANX	BTF3	HNRNPAB	NPM1	CANX	NDUFS5	PSMA7	EIF4H	RPS17	ACTR2	HSPA9	EIF4G2	COX6A1	PABPC1	RAB7A	RPL23A	HDGF	SLC25A5	BTF3	PFN1	HNRNPU	RPL10	RPL23A	EIF4H	EIF3I	GANAB	PABPC1	RPL6	GAPDH	YWHAE	RPL29	RPL30	SNRPB	ACTR2	RAC1	PPIA	EIF1	HDGF	YBX1	RPL39	BTF3	HNRNPA1	C1orf43	ARF1	MORF4L2	PTMA	RPS5	DDX5	RPL11	SNRPD2	GANAB	DAD1	GNAS
57	HDGF	RPS6	PSMA7	ENO1	RPS25	EIF1	EIF4H	HDGF	HNRNPA1	PSMA7	RPL21	SNRPB	SNRPD2	DDX5	C1orf43	SNRPB	RPS21	RPS2	GANAB	HSPD1	TUBB4B	SET	RAB7A	TUFM	PTMA	NONO	RPS24	DAD1	RPL10	RPL18	HSPA5	PPIA	RPL18	SLC25A5	GANAB	RPS17	PCBP1	PTMA	FAU	ACTB	HNRNPA2B1	RPL27	PRDX5	NCL	TUBA1B	YWHAZ	SLC25A5	UBC	FKBP1A	CKS2	DDX5	PRDX5	SNRPD2	COX6A1	PSMB4	RPL30	RPL10A	RPSA	RPL5	EEF2	RPL23A	RPL23A	PSMB4	COX6A1
58	XRCC6	RPS12	RHOA	PKM	HNRNPK	DAD1	MORF4L2	BTF3	TUBB4B	ATF4	CALR	EIF4B	RPS17	TOMM20	TOMM20	PPIB	FTL	EEF2	SET	TUBB4B	RPL6	ANP32B	RPS8	ATF4	RPS16	EIF4G2	TUBB4B	FKBP1A	PFN1	HNRNPU	PFDN2	SLC25A5	ANP32B	RPL10A	PABPC1	HSPD1	MORF4L2	GAPDH	PSMB4	TMSB10	NONO	RPL5	RPS28	HNRNPA2B1	RPL6	SNRPD2	RPL10	TPI1	RPL30	RPL36AL	OAZ1	RPS28	RPL23A	HNRNPAB	DAD1	YWHAQ	RPS14	HSPA5	RPL7	RPS4X	RPS24	DDX5	FAU	HNRNPAB
59	RAC1	RPS18	TUBB4B	TPI1	CALR	NCL	SET	TOMM20	TPI1	SRSF1	RPS16	NCL	TOMM20	C1orf43	RAB7A	RPL24	CANX	RPS20	PRDX5	YWHAZ	TPI1	UBC	RPS3A	FAU	NPM1	COX8A	TPI1	PSMB4	HSPA5	FKBP1A	SRP9	RPL10	CCT3	RPL13A	PTMA	RPS23	PSMB4	ACTB	YWHAE	RPS6	ILF2	RPL7	ILF2	HNRNPA1	RPL39	RPL23A	CSDE1	RPS24	PSMA7	CCT7	ACTR2	HNRNPU	C1orf43	NONO	YWHAZ	COX8A	RPS25	EIF1	RPL35	ACTR2	HNRNPK	EIF3I	ARF1	RAB7A
60	HSPA9	RPL3	BTF3	TUBB4B	RPS16	HNRNPA2B1	NCL	SNRPD2	RPS24	COX8A	NPM1	HNRNPA2B1	C1orf43	CCT3	COX6A1	BSG	YWHAE	RPS5	RPS28	RPL23A	CANX	MORF4L2	TPT1	RPL18	EEF1B2	RPL24	PSMB4	SRSF1	HSP90AA1	ARF1	PSMA7	RPL6	YWHAZ	RPS13	RPL10A	TUBB4B	DAD1	RPS21	HDGF	PTMA	CNBP	RPS27	RPS16	CCT4	HNRNPK	TPI1	YWHAE	TUBA1B	EIF4H	PSAP	PTGES3	RPL6	TOMM20	PRDX5	ANP32B	RHOA	RPS19	SLC25A5	RPL9	PRDX5	FAU	EIF4H	EIF4G2	RAD21
61	RPS16	RPL19	TPI1	COX8A	BSG	ARF1	CNBP	DAD1	PSMB4	GAPDH	EEF1B2	COX6B1	TUFM	PSMA7	NONO	PSMA7	XRCC6	RPSA	PTGES3	CCT4	RPLP1	EIF3I	RPL4	RPS11	NDUFS5	RPL18A	HSPA9	CCT3	HMGN2	PSMA7	MORF4L2	RPL39	FKBP1A	RPS3	NDUFS5	BTF3	FKBP1A	FTL	DAD1	RPL10A	NCL	RPL7A	NPM1	SRSF1	YWHAE	YWHAB	PGAM1	RPL6	GANAB	HMGN2	SRP14	PABPC1	ARF1	RPS14	ILF2	COX6A1	RPL36	RPL10	YBX1	RPS28	SRSF1	RPL10	RAB7A	NONO
62	NPM1	EIF4G2	EIF3I	ACTR2	YWHAE	PSMB4	EIF4B	FKBP1A	YWHAZ	ACTB	CCT3	ATF4	YWHAB	ATF4	EIF4G2	COX6B1	GANAB	HSPA5	SNRPB	RPS5	PABPC1	HNRNPA1	RPL9	RPS18	NONO	PRDX1	SET	RAC1	RPL35A	CCT4	HSPA9	EIF4H	MORF4L2	RPS14	RPS14	HNRNPAB	BTF3	TMSB10	DDX5	RPL11	RAB7A	RPS11	EEF1B2	CSDE1	NONO	SRSF1	NONO	RPL39	XRCC6	UBC	PTMA	NPM1	PSMB4	RPLP0	RHOA	PTGES3	PRDX1	SNRPD2	RPL12	CANX	GANAB	RPS17	SNRPD2	EIF4G2
63	EEF1B2	ALDOA	EIF4H	EIF4B	PSMB4	YWHAZ	PTGES3	ARF1	RPS16	RPL9	HDGF	PTGES3	COX6B1	ALDOA	DDX5	ATF4	YWHAZ	HMGN2	CANX	RPSA	NPM1	SNRPD2	DDX5	RPS27A	EIF4G2	TPT1	UBC	EIF3I	RPS12	C1orf43	EIF3I	PTGES3	PCBP1	NDUFS5	EEF1B2	COX6A1	RPL8	SRP9	FKBP1A	HSPD1	COX6B1	TUBB4B	NDUFS5	RPL18	EIF4G2	HNRNPA1	EIF4G2	NONO	RAN	RPL9	RPL10A	EEF1B2	ATF4	RPS4X	SRSF1	EIF4B	HNRNPAB	RPL23A	COX8A	ATF4	BSG	HSPD1	RPL23A	PPIA
64	TUBB	CANX	GANAB	ALDOA	RPL30	ANP32B	RHOA	PSMB4	RPS8	YBX1	ARF1	ALDOA	ACTR2	COX6B1	RPL4	PPIA	ANP32B	RPLP0	DDX5	EIF1	RPS24	RPL23A	HSPD1	RPL41	PTGES3	RPL4	RAB7A	SET	RPS18	DAD1	EIF4H	EIF3I	RPL30	RPL3	RPS8	DDX5	RPL9	PSMA7	ARF1	YWHAB	PSMA7	RPS5	RPL3	UBC	HNRNPA2B1	BTF3	XRCC6	RPL21	RAC1	HNRNPU	EEF1B2	NDUFS5	RPL10A	PRDX1	FAU	RPL39	HSPA9	NONO	EEF2	RHOA	RHOA	EIF4B	RPS24	SLC25A5
65	ENO1	TUBB4B	RPS17	RPL30	ALDOA	FKBP1A	SRP9	YWHAE	CALR	RPL12	ILF2	COX8A	ATF4	DAD1	PTMA	SLC25A5	PCBP1	HSPA9	COX6A1	PKM	HNRNPA1	RPS17	TUBB4B	RPL19	SNRPD2	RPL11	RPL30	PTGES3	RPL41	CNBP	PTGES3	PFDN2	HDGF	RPS25	SNRPD2	UBC	YBX1	BSG	COX6A1	FAU	SRP9	RPL18	RPS25	RPS5	FAU	HDGF	PPIB	TUBB	COX6B1	COX6B1	RPS27A	RPS3	RPS13	RPLP1	C1orf43	SNRPD2	SET	EIF4G2	RPS20	HNRNPA2B1	EIF4H	SLC25A5	RPL39	TUBB4B
66	EIF1	RPL30	HSPD1	EIF4H	COX6B1	XRCC6	ATF4	C1orf43	HSP90AA1	RPL24	YWHAE	DDX5	BSG	HDGF	RPL10A	RPL10	HSPA9	SET	HNRNPAB	RPL18	PKM	DAD1	RHOA	RPL13A	RPL23A	ENO1	SNRPB	PRDX5	TPI1	SRSF1	PCBP1	CSDE1	HSPA9	HSPA9	TPI1	SLC25A5	RPL3	ARF1	NONO	HSPA9	BSG	RPL12	RPS3	RPSA	ARF1	XRCC6	RPS7	RPL8	ATF4	EIF4B	RPL41	RPS5	RPL3	PABPC1	PCBP1	UBC	RPL18	DAD1	RPS8	SRP9	ILF2	YWHAQ	HNRNPA1	CSDE1
67	EIF3I	RPL15	MORF4L2	GANAB	YWHAQ	RAC1	PSMA7	RAB7A	ENO1	TUBB	PFDN2	RPL30	PSMA7	RPL30	RPS14	RPL6	FKBP1A	EIF4B	EIF4G2	SRSF1	RPL10	PSMB4	PRDX5	RPL8	PPIA	COX6A1	HNRNPU	RPS28	RPS24	FAU	GANAB	GANAB	HNRNPA2B1	SET	RPS24	RPL10	CHCHD2	YWHAQ	EIF4G2	SET	RHOA	CHCHD2	RPL35	SET	COX6A1	ANP32B	RPL35	GAPDH	PFDN2	RPS7	RPL19	SNRPD2	RPS25	PTMA	HSPA9	DDX5	RPS24	FKBP1A	PSMA7	BSG	SRP9	CNBP	PFDN2	RPS17
68	RPS23	EEF1A1	PCBP1	SNRPD2	ANP32B	EIF3I	DDX5	SNRPB	DAD1	RPS2	HNRNPA2B1	NONO	SRP9	SNRPB	RPS19	YWHAQ	TUBB4B	COX6B1	COX8A	C1orf43	PFN1	SRSF1	RPS28	TPI1	SLC25A5	PKM	ALDOA	PCBP1	EIF4B	ATF4	BSG	MORF4L2	SNRPB	CCT7	HSPA5	RPL6	HSP90AA1	PSMB4	NCL	DAD1	CANX	RPS17	SET	GANAB	HNRNPAB	YWHAQ	RPL21	RPS21	EIF3I	PRDX5	RPS13	TPI1	RPS19	EIF4G2	SET	BTF3	TUBB4B	YWHAZ	SNRPB	COX6B1	PCBP1	SRP9	RPS13	HSPD1
69	TUBA1B	HNRNPK	DDX5	RPL23A	CCT3	EIF4H	NONO	PRDX5	FKBP1A	RHOA	YWHAQ	EIF4G2	CANX	EIF4H	HNRNPAB	CNBP	TUBB	RPL30	ALDOA	PPIA	RHOA	RAB7A	SRP9	RPS24	RPL10	RPL23A	DDX5	HSPA9	PCBP1	CANX	COX8A	PCBP1	EIF3I	HNRNPK	RPS4X	TPI1	UBC	RHOA	HNRNPA2B1	TUFM	SNRPB	HSPD1	EIF4H	PCBP1	ANP32B	YWHAE	RPL18A	FTL	KPNA2	CANX	RPS3	RPS24	RPL36	SLC25A5	EIF4H	RPL18	HNRNPU	PABPC1	SRP9	PSMA7	HSPA9	SNRPB	RPS3	RPS23
70	RPL6	NONO	EIF4B	CCT3	YWHAZ	GANAB	COX6A1	RPS28	CCT3	ALDOA	CNBP	HNRNPAB	YWHAQ	GANAB	RPL6	NCL	RPLP2	RHOA	BTF3	SLC25A5	SRP9	SNRPB	BSG	HNRNPA1	TUBA1B	RPL9	EIF4G2	RPS17	HSPA9	PRDX5	EIF4B	HSPA9	PFDN2	PCBP1	ENO1	RPS24	RPL39	ALDOA	ILF2	RPS18	ACTR2	RPL9	GANAB	HSPA9	CCT3	CNBP	RPLP1	RPS16	RPL39	SNRPB	MORF4L2	EIF4B	RPS27	RPL10	MORF4L2	RPSA	TPI1	PTMA	RHOA	RPL10	SET	CCT3	RPL24	ANP32B
71	RPS24	EIF4B	HNRNPK	C1orf43	PCBP1	RPS23	RPL23A	HNRNPAB	RHOA	RPL30	RPS6	COX6A1	CNBP	PFDN2	HNRNPA1	HNRNPA2B1	RPS2	PTGES3	NONO	ENO1	COX8A	RHOA	PSMA7	RPL39	SNRPB	YBX1	COX6A1	HSPD1	SET	RPS28	RPS27	SET	NCL	PTGES3	RPL18A	RPL39	TUBA1B	HNRNPA2B1	YWHAQ	RPL7A	HNRNPU	YBX1	MORF4L2	EIF3I	PSMB4	ILF2	RPL32	EIF4G2	C1orf43	PTGES3	HSPA9	GANAB	RPL7A	RPS17	ATF4	RAC1	PTGES3	RPL10A	BTF3	RPL23A	EIF4B	HNRNPK	HSP90AA1	YWHAG
72	RPS8	DDX5	CNBP	RAB7A	HSPA9	COX8A	HNRNPA1	NONO	SRSF1	COX6B1	RPSA	CFL1	YWHAE	ACTR2	TUBB4B	RHOA	EEF2	CANX	RAB7A	RPL18A	COX6B1	SRP9	ATF4	ALDOA	HNRNPU	TUBA1B	HNRNPAB	RPS23	ILF2	ANP32B	RPL7A	BTF3	CCT4	ALDOA	TPT1	BSG	RPL6	RPL30	YWHAZ	RPS11	TOMM20	HDGF	PCBP1	EIF4B	HDGF	RPS28	CALR	COX6A1	RPLP2	EIF3I	SET	HSPA9	YWHAZ	HSPD1	NCL	CCT3	RPLP0	TUBB	RPL23A	CHCHD2	PTGES3	XRCC6	RPL32	YWHAZ
73	RPL35	EIF4H	ANP32B	CNBP	SET	CSDE1	RPL18	ATF4	SRP9	DAD1	RPL13A	PRDX5	NCL	SET	CANX	SRP9	RPS20	SNRPB	HNRNPA1	RPLP1	PSMA7	BSG	TUBA1B	RPS28	RPS19	HNRNPAB	CNBP	TUBB4B	RPL10A	XRCC6	RPS11	RPL18	EIF4H	RPS19	RPL13A	HNRNPU	RPS24	SNRPB	SRSF1	RPS27A	ATF4	EIF4B	HNRNPK	PTGES3	RPL18	NCL	RPL9	HNRNPAB	EEF2	HINT1	PCBP1	SET	ANP32B	RPS23	HNRNPA2B1	ARF1	RPS4X	RPS16	RPS17	HSP90AA1	MORF4L2	ANP32B	CALR	XRCC6
74	RPL21	COX6A1	YWHAZ	RHOA	HNRNPA1	RPL18	TPI1	RPL30	BSG	XRCC6	RPL8	RPS28	HNRNPA2B1	EIF4B	PSMA7	RPL39	RPS25	COX6A1	HNRNPK	RPL36	ATF4	TOMM20	RPSA	PSMA7	RPL36	DDX5	NONO	RPL18	RPL5	RAC1	ENO1	PRDX5	GANAB	RPS4X	TUBB	CCT3	TUBB4B	ACTR2	HNRNPA1	RPL41	ALDOA	SNRPB	RPS19	PRDX5	HNRNPU	HNRNPA2B1	YBX1	DAD1	RPS20	DDX5	TOMM20	TOMM20	FKBP1A	PPIA	CNBP	ACTR2	RPL27	NPM1	HSPD1	PPIA	COX6B1	CANX	RPL10A	RAN
75	YBX1	HNRNPAB	RAC1	YWHAQ	RPS24	RPS24	RPS24	HNRNPK	XRCC6	ILF2	FTH1	HNRNPK	YWHAZ	RPL18	ATF4	UBC	RPL36	HNRNPAB	RPS24	RPS16	HSPA5	COX8A	RPL23A	BTF3	ENO1	CANX	COX8A	EIF4H	RPS14	ILF2	RPS16	RPS17	COX8A	PRDX1	RPLP1	XRCC6	PTGES3	RAB7A	SNRPD2	FTH1	RPL30	CANX	RPL36	RPS28	RPS17	FAU	PRDX5	PSMB4	RPS8	RPS28	C1orf43	NCL	DAD1	UBC	YWHAQ	RPS28	RPL5	EEF1B2	PPIA	SLC25A5	ALDOA	RPS28	EEF1B2	RAC1
76	RPL12	HMGN2	CCT3	PABPC1	HNRNPU	HSPD1	HSPD1	EIF4G2	TOMM20	ANP32B	HSP90AA1	TOMM20	DAD1	RPL39	SNRPB	TUBA1B	ENO1	DDX5	TOMM20	NPM1	HNRNPK	BTF3	TOMM20	PSMB4	RPL6	RPL30	PRDX5	GANAB	RPL9	ACTR2	NPM1	HSPD1	PRDX5	TPT1	NONO	SNRPB	RPL30	ATF4	RPL23A	RPL19	COX8A	TPI1	ENO1	ACTR2	HSPD1	ARF1	SNRPB	HDGF	YBX1	RHOA	HNRNPA3	HNRNPA2B1	HDGF	TUBA1B	GAPDH	SRSF1	RPL4	RAB7A	YWHAQ	TUBA1B	CANX	BSG	RAC1	CCT4
77	RPL24	RPL35A	COX6B1	PTMA	ENO1	COX6A1	TUBB4B	ALDOA	RPL24	SNRPD2	RPS20	RAB7A	ILF2	BTF3	SNRPD2	ALDOA	RPL10	ALDOA	ACTR2	EEF1B2	BSG	C1orf43	ACTR2	HNRNPA2B1	RPL39	SNRPB	RPS28	EIF4B	TUBB	PSMB4	RPL9	TUBB4B	CANX	RPL4	EIF4G2	CCT4	RPL18A	FKBP1A	RPS24	RPS13	PRDX5	RPS24	RPLP1	C1orf43	RPS23	COX8A	NCL	DDX5	RPS24	GANAB	HNRNPA1	FAU	XRCC6	RPL18	RPL27	EIF3I	RAB7A	COX6A1	YWHAE	TOMM20	PSMA7	COX8A	EIF3I	KPNA2
78	RPLP1	SNRPD2	YWHAQ	RPS5	HSPA5	HNRNPAB	HMGN2	TPI1	RPL13A	RPS28	RPS8	ACTR2	SRSF1	RPL23A	TPI1	RPL30	RPS5	COX8A	RPL18	HSPA5	ILF2	ACTR2	COX6A1	RPS17	ALDOA	BTF3	BSG	HNRNPA1	CHCHD2	PFDN2	NDUFS5	EIF4B	RPLP1	EIF4B	COX6A1	PFDN2	RPLP1	CCT3	RPL39	PSMB4	RPS28	RPS13	PABPC1	RPLP0	PSMA7	PRDX5	HNRNPA2B1	YWHAZ	CKS2	YWHAZ	RPL13	DAD1	RAC1	DDX5	RPL5	TUBB4B	COX6B1	HNRNPAB	SRSF1	HNRNPK	ATF4	PRDX5	EIF4H	YWHAE
79	TUBB4B	UBC	RAB7A	RPSA	HSP90AA1	NONO	RPS19	RPS24	RPL8	HNRNPA1	SRP9	TUBB4B	ALDOA	MORF4L2	RPS24	COX8A	RPSA	PRDX5	HSPD1	RPL10	SNRPB	EIF4G2	COX6B1	HSPD1	RPL30	ALDOA	RHOA	SNRPD2	RPS19	SNRPD2	RHOA	HNRNPAB	PABPC1	PPIA	DAD1	COX6B1	RPS16	XRCC6	RPL8	ILF2	BTF3	RPS3	RPL13A	PRDX1	PRDX5	ALDOA	CANX	ANP32B	TUBB4B	HDGF	SNRPD2	FKBP1A	CCT3	PTGES3	FTL	HDGF	ATF4	ANP32B	COX6B1	PSMB4	BTF3	ALDOA	GANAB	CCT3
80	ACTR2	BTF3	XRCC6	RPS27	NPM1	RPS17	RPS27	COX8A	RPS21	EIF4B	BSG	BTF3	RAB7A	PCBP1	COX6B1	ILF2	HSPD1	RPS28	RPS23	EIF4B	DDX5	PSMA7	YWHAQ	COX8A	COX6B1	RPS28	HNRNPA1	CCT4	RPL36	SET	ALDOA	COX6A1	PTMA	CSDE1	HNRNPAB	GANAB	NPM1	ANP32B	FTH1	FKBP1A	SNRPD2	EIF3I	RAB7A	RPLP1	FKBP1A	COX6B1	C1orf43	ILF2	RPL10	EIF4H	RPL23A	CCT3	RPS11	SRP9	TMSB10	RPS17	CCT4	CCT3	BSG	YWHAE	RPL18	BTF3	YWHAQ	DAD1
81	RPS17	COX8A	HSPA9	RPL7A	EEF1B2	RPS18	RPL7A	CCT3	NDUFS5	RPLP1	PSMA7	TPI1	XRCC6	HSPA9	ALDOA	C1orf43	HNRNPAB	ATF4	TUBB4B	HDGF	RAB7A	COX6B1	ILF2	PPIA	COX8A	PFDN2	TOMM20	HNRNPAB	BSG	HDGF	COX6A1	NONO	RPL10A	RPL18	BTF3	PTGES3	EEF1B2	HNRNPK	RPS21	RAC1	TPI1	EIF4H	EIF3I	PABPC1	EIF3I	C1orf43	COX6B1	HNRNPK	RPL6	MORF4L2	CKS2	YWHAE	RPS12	HNRNPU	RPS6	HSPD1	RPL30	BTF3	TUBA1B	ILF2	HSPD1	SRSF1	CNBP	FKBP1A
82	HSPD1	RPL23A	SET	RPS12	RPS8	RPL13A	RPS11	XRCC6	RPL18	PABPC1	BTF3	RPS24	RAC1	XRCC6	RPL30	TOMM20	NONO	CSDE1	PPIA	GANAB	SRSF1	RPS28	HNRNPA2B1	SLC25A5	MORF4L2	PTGES3	ACTR2	COX6A1	ACTR2	CCT3	HNRNPAB	DDX5	RPS14	RPS7	RPL6	PCBP1	NDUFS5	EIF3I	RPL35	YWHAZ	HNRNPA1	SET	PFDN2	TMSB10	RAC1	RPL30	ATF4	FAU	RPL13	NONO	RPS15	PSMB4	RPS18	RPS28	RPS12	ATF4	CANX	RPL39	COX6A1	CNBP	RAB7A	RPL30	ACTR2	FAU
83	HNRNPU	RPS24	COX8A	RPS18	C1orf43	RPL8	RPL36	CNBP	RPS17	RPS13	RPS17	RPS17	ARF1	RAC1	COX8A	ACTR2	PPIA	RPS17	SLC25A5	MORF4L2	ARF1	YWHAQ	CNBP	RPL10	PCBP1	EIF4B	C1orf43	NONO	RPL6	ALDOA	NONO	OAZ1	HSPA5	SNRPB	ATF4	HSPA9	ANP32B	YWHAZ	RPL21	BTF3	TUBB4B	GANAB	RPL18	RPS27	DAD1	HSPD1	ACTR2	SRP9	RPL18	EIF4G2	HNRNPU	YWHAZ	RPL7	COX8A	RPS18	TPI1	EIF4B	HSPD1	HNRNPAB	NCL	RPS17	HSPA9	COX6A1	ARF1
84	C1orf43	RPL39	HDGF	COX6A1	DDX5	NPM1	ENO1	RAC1	GAPDH	RPS3	HSPD1	HSPD1	HDGF	EIF3I	PRDX5	DAD1	SLC25A5	TUFM	RPL10	RPL30	YWHAE	CNBP	CANX	RPL6	HSPA9	SET	BTF3	EIF4G2	RPS23	TUBB4B	EIF4G2	HNRNPA1	CALR	PPIB	RPL30	SET	CCT3	MORF4L2	NPM1	NONO	SRSF1	MORF4L2	COX6B1	RPL7A	RPS28	RPS17	CNBP	BSG	TPI1	ARF1	GANAB	CCT4	RPL5	COX6B1	NONO	RPS24	PCBP1	RPLP0	NCL	YWHAQ	COX8A	SET	HNRNPAB	YWHAQ
85	PCBP1	HNRNPA1	CANX	HNRNPAB	SNRPB	EEF1B2	RPL18A	EIF4B	ACTB	RPS27A	RPS28	C1orf43	CSDE1	RPS23	RPS28	FKBP1A	RPL18	C1orf43	C1orf43	COX6A1	RPL30	NCL	SNRPB	DAD1	SET	MORF4L2	RPL18	RPL27	PPIA	RPL30	TUBB4B	SNRPD2	RPL13A	RPS24	SNRPB	ALDOA	RHOA	ILF2	FTL	EIF4G2	TUFM	PCBP1	CANX	RPS11	XRCC6	CSDE1	HNRNPA1	YWHAE	CCT8	PSMB4	PFDN2	ARF1	RPS8	ATF4	EIF4G2	EIF4H	EIF4H	RPS4X	HNRNPA2B1	HNRNPAB	C1orf43	RAB7A	DDX5	C1orf43
86	EIF4B	RPL4	SNRPB	YWHAZ	HDGF	RPS8	RPLP1	FAU	RPS27	RPL41	RPS23	SNRPD2	RPL18	PRDX5	PTGES3	PSMB4	RPS17	RPL23A	TPI1	HNRNPAB	ALDOA	HNRNPA2B1	ALDOA	MORF4L2	EIF4H	SRP9	RPS17	PRDX1	TUBA1B	YWHAZ	TOMM20	EIF4G2	SRSF1	TUBB4B	RPLP0	RPL30	COX8A	TOMM20	TMSB10	RPS3A	C1orf43	HSPA9	ATF4	SLC25A5	UBC	RPL18	TPI1	NCL	RPS15	ILF2	EIF4B	SRP9	GAPDH	NCL	TUBB4B	GANAB	GANAB	RPL5	EIF4B	NONO	RPS28	NONO	NONO	PTGES3
87	SET	SLC25A5	SRP9	YWHAE	XRCC6	BSG	SRSF1	RPL18A	RPL7A	RPL8	TOMM20	PPIA	RPS24	RPS28	MORF4L2	FAU	COX6A1	BTF3	RPS17	PTGES3	COX6A1	PGAM1	C1orf43	PCBP1	GANAB	PSMA7	HSPD1	RPLP1	BTF3	MORF4L2	PRDX5	RPL23A	SRP9	TPI1	RPL39	COX8A	ALDOA	PKM	SRP9	RPS2	RPS24	HNRNPK	RPS17	DDX5	RPS5	RPS24	FAU	HNRNPA2B1	HNRNPA1	RAB7A	HDGF	MORF4L2	RPL30	HNRNPA2B1	SLC25A5	PCBP1	NCL	RPL4	PRDX5	TPI1	RPL30	EIF4G2	BTF3	COX6B1
88	EIF4H	TPI1	BSG	PSMB4	PSMA7	ILF2	ALDOA	RPS16	RPL35	NONO	SNRPD2	RPS3A	TUBB4B	RPS7	YWHAQ	ARF1	HNRNPK	NONO	PRDX1	PRDX5	NONO	RPS7	YWHAZ	HSPA9	CANX	PPIB	RPS23	PABPC1	RPL23A	PCBP1	RPS28	RPS15	RPS28	TOMM20	HNRNPA1	EIF4H	C1orf43	CALR	BSG	EEF2	CSDE1	C1orf43	C1orf43	RPL30	RPSA	FKBP1A	CCT4	ARF1	RPL23A	GNAS	XRCC6	PTGES3	ALDOA	SNRPB	RPL10	HSPA9	SRSF1	PRDX1	RPS28	DAD1	SNRPB	HDGF	CSDE1	ILF2
89	GANAB	EIF3I	ALDOA	ILF2	ATF4	RHOA	RPL30	NPM1	RPL11	EIF4G2	RHOA	RPS8	FAU	COX8A	SRP9	YWHAE	TOMM20	YBX1	TPT1	COX6B1	EIF4G2	RPL30	DAD1	EIF3I	ATF4	COX6B1	EIF4H	RPL5	RPS17	HSPA9	RPL6	FTH1	DDX5	ACTR2	TUBB4B	MORF4L2	ATF4	RPL35A	PSMA7	RPS20	RPL18	YWHAE	FKBP1A	COX8A	RPL24	DAD1	RPL10A	TMSB10	RPL21	RAD21	RAN	BSG	COX8A	EIF4B	RPL18	TOMM20	PSMA7	TPT1	CANX	FAU	PRDX5	PCBP1	RPL18	RHOA
90	CANX	GANAB	RPL18	FKBP1A	TUFM	HDGF	HNRNPAB	YBX1	YBX1	HSPD1	NCL	RPL29	FKBP1A	RPS17	BSG	CCT7	HDGF	RPL12	RPS3A	PSMA7	BTF3	HSPD1	FKBP1A	PFDN2	PFDN2	RPS7	SRP9	EEF1A1	HSPD1	TPI1	TUFM	RPS13	TPI1	COX6B1	PSMA7	RPL18	COX6B1	TPT1	RHOA	RPS27	RPL23A	CCT3	ARF1	EIF4G2	TMSB10	CCT3	RPS14	RPS27	TUBB	PPIA	RAC1	SNRPB	BTF3	SRSF1	HNRNPAB	SET	HNRNPK	YWHAQ	ATF4	ARF1	HNRNPAB	RPS24	HNRNPU	RPL36AL
91	SNRPB	RHOA	RPL30	XRCC6	DAD1	CNBP	CANX	UBC	RPL12	TUBB4B	FAU	RPL27	PSMB4	HSPD1	RHOA	HNRNPK	MORF4L2	GAPDH	HSP90AB1	RPS28	RPL23A	RPS23	PSMB4	RPS3	EIF4B	PCBP1	YWHAQ	EEF2	TPT1	RPS24	RPL39	RPS3	RPS24	EIF3I	CNBP	EIF4B	SRSF1	HMGN2	CNBP	EEF1B2	RPS17	XRCC6	TOMM20	NONO	RPS6	PSMB4	PFN1	RPL7A	RPS16	COX6A1	KPNA2	RPL30	CSDE1	CCT4	HNRNPU	CSDE1	BTF3	PSMB4	CNBP	RAB7A	HNRNPU	RPL18	PGAM1	TPI1
92	PTGES3	PRDX5	PGAM1	RAC1	FKBP1A	SRP9	SNRPB	PKM	HSPD1	RPS4X	EIF4H	RPL5	PFDN2	HNRNPK	RPL23A	XRCC6	EIF3I	ACTB	RPL29	NONO	HNRNPU	CSDE1	NCL	RPL27	RPL18	HSPA9	EEF1B2	FTH1	RPL4	UBC	TUBA1B	ACTB	HNRNPA1	EIF4H	ALDOA	NONO	TPI1	RPLP1	RAB7A	RPS12	HSPD1	ANP32B	FAU	COX6A1	RPS12	COX6A1	HSPA5	RPS11	NPM1	SRP14	EIF3I	COX6A1	RPL18	FKBP1A	EIF4B	RAB7A	ALDOA	ARF1	YWHAB	HNRNPU	EIF4G2	ATF4	HSPD1	RPS24
93	RPS13	RPS28	RPS24	DDX5	GANAB	EIF4B	HNRNPK	RPL11	PRDX5	RPL29	GANAB	RPL7	RPL13A	CCT7	BTF3	ANP32B	EIF4H	RPL5	RPL27	EIF4G2	YWHAQ	RPL18	YWHAE	TPT1	RPS17	EIF3I	NDUFS5	PTMA	EEF1A1	TOMM20	ATF4	RPS27	COX6A1	GANAB	COX6B1	EIF4G2	SNRPB	HNRNPA1	HNRNPK	TOMM20	RPL8	COX6B1	YWHAE	HNRNPAB	HSP90AA1	EIF4G2	RPS20	RPS18	EEF1B2	SRSF1	EIF4H	EIF3I	RPS17	YWHAQ	PTGES3	HNRNPA1	PRDX5	YWHAE	TOMM20	FKBP1A	COX6A1	TUBB4B	RPS23	CKS2
94	CALR	RPS17	RPL23A	HDGF	EIF4H	TPT1	EIF4G2	RPLP0	RPS28	FTL	TMSB10	RPL21	RPL8	ACTB	ARF1	CCT3	ALDOA	RPL7	RPL7A	ILF2	CNBP	ALDOA	TUFM	RPL4	HSPD1	EIF4H	TUBB	RPL10A	RPL27	NDUFS5	COX6B1	RPS27A	ALDOA	MORF4L2	HDGF	RPL23A	CANX	TUBB4B	ATF4	HNRNPK	GAPDH	SRP9	COX8A	PGAM1	RPL41	HNRNPAB	RPS8	RPL13A	RPL7	YWHAG	YWHAZ	EIF4H	RAB7A	CNBP	PFDN2	RPL11	RPS28	FAU	ACTR2	CCT3	DDX5	TPI1	RPS6	HNRNPU
95	RPL4	YWHAQ	SRSF1	FAU	RPL35A	RPL4	RAB7A	RPL35	BTF3	RPL3	GAPDH	PTMA	GAPDH	TMSB10	YWHAE	TPI1	COX8A	RPS3A	RPL19	ATF4	NCL	TUBB4B	EIF3I	RPL11	RHOA	GANAB	HSP90AB1	RPL29	ENO1	RPL35	HNRNPK	RPS8	TUBB4B	ATF4	RAB7A	PRDX5	HNRNPK	TPI1	CANX	YWHAE	ACTB	BSG	ALDOA	BTF3	RPL19	DDX5	RPS24	RPL19	RPS3A	ALDOA	ANP32B	XRCC6	ACTB	RHOA	PSMA7	HSPA5	RPS23	HNRNPK	TUBB4B	ALDOA	NONO	MORF4L2	RPS12	RPL13
96	RPL11	SNRPB	RPS28	DAD1	PABPC1	RPL7A	PGAM1	RPL21	HDGF	RPS25	ACTB	RPL10A	RPL21	RPS6	ILF2	RPS24	TPI1	EIF4G2	RPS13	HSPA9	HNRNPA2B1	SLC25A5	RPS24	RPS27	SRP9	PPIA	RPL29	RPL3	RPS11	RPL21	RPS13	FTL	HNRNPAB	CNBP	YWHAZ	RPS28	ACTR2	RPS24	RPL7A	ALDOA	RPS21	BTF3	HSPD1	PTMA	RPS13	ATF4	YWHAQ	CNBP	CCT7	RPL30	FKBP1A	SRSF1	HSP90AB1	BSG	BSG	RPLP0	COX8A	TOMM20	RPL18	COX8A	RPS2	COX6A1	RPL29	CCT7
97	ACTB	SRP9	ATF4	PFDN2	FTL	RPL10A	BTF3	EIF1	RAC1	RPS27	RPS27	PFN1	RPL3	RPS12	CNBP	RPL23A	RPS24	HNRNPK	RPS3	SET	FAU	CCT4	CCT3	RPL7A	BSG	SLC25A5	RPL3	RPS25	RPS27A	EEF1A1	RPS3	TMSB10	NONO	RPL30	ANP32B	HNRNPA1	RAB7A	EIF4H	RPS11	RPL30	RPS27	COX8A	TUBB4B	RPL10A	RPS3	TUFM	COX6A1	BTF3	HNRNPK	HNRNPAB	RPS25	COX6B1	RPL29	PSMA7	COX6B1	RPS16	RHOA	ACTR2	YWHAZ	RPS24	EEF2	HNRNPAB	RPS27A	HNRNPK
98	RPS21	BSG	PRDX5	TOMM20	TMSB10	UBC	RPS17	RPL3	EIF3I	RPL7A	RPLP0	HSPA5	HSP90AB1	RPS27	NCL	HNRNPA1	EIF4B	RAB7A	RPL4	NCL	RPS17	COX6A1	RPL30	CCT3	ILF2	RPL10	RPS25	RPLP0	PTMA	RPS20	ACTB	RPS6	EIF4G2	RHOA	CANX	ACTB	SNRPD2	GANAB	RPS12	SNRPB	RPL7A	SLC25A5	TUBA1B	RPL11	RPS18	RPL21	ENO1	SNRPD2	BTF3	OAZ1	RPLP0	PSMA7	RPL27	EIF3I	SRP9	CALR	RPS17	SRP9	DAD1	BTF3	RPS20	PPIA	RPL11	TOMM20
99	RPL18A	ATF4	COX6A1	ARF1	RPS6	RPS27	C1orf43	RPS25	PFDN2	RPS11	TPT1	RPL7A	EEF1B2	RPL7A	DAD1	HDGF	FTH1	ACTR2	RPL11	HNRNPA2B1	HSPD1	HNRNPAB	HNRNPU	YWHAQ	PSMA7	CSDE1	HSP90AA1	RPS4X	PTGES3	EEF2	RPLP1	RPL7A	EIF4B	PSMA7	TOMM20	RPS27	RPL23A	BTF3	RPS27A	PTGES3	TMSB10	RPL10	TPI1	HSPA5	HSP90AB1	PTMA	RPS6	RPL23A	RPL36AL	RPL13	RPS4X	ATF4	RPS3A	EIF4H	ACTR2	RPS21	HSPD1	BSG	FKBP1A	RPL18	RPL7	TUBA1B	GAPDH	CCT8
